{
    "name": "root",
    "metadata": {
        "timer_format_version": "0.1.0",
        "start_time_seconds": "1755953078",
        "python_version": "3.10.11 (tags/v3.10.11:7d4cc5a, Apr  5 2023, 00:38:17) [MSC v.1929 64 bit (AMD64)]",
        "command_line_arguments": "C:\\Users\\damon\\mlagents-310\\Scripts\\mlagents-learn C:\\Users\\damon\\Desktop\\Creating\\Game Dev\\_Projects\\StreamerFighter\\Assets\\_Damon\\TCS.MLAgents\\Runtime\\Python\\config.yaml --run-id predator_v1 --force",
        "mlagents_version": "1.1.0",
        "mlagents_envs_version": "1.1.0",
        "communication_protocol_version": "1.5.0",
        "pytorch_version": "2.8.0+cpu",
        "numpy_version": "1.23.5",
        "end_time_seconds": "1755953235"
    },
    "total": 156.40520720000495,
    "count": 1,
    "self": 0.004571199999190867,
    "children": {
        "run_training.setup": {
            "total": 0.10575550000066869,
            "count": 1,
            "self": 0.10575550000066869
        },
        "TrainerController.start_learning": {
            "total": 156.2948805000051,
            "count": 1,
            "self": 0.0002173000102629885,
            "children": {
                "TrainerController._reset_env": {
                    "total": 47.48798209999222,
                    "count": 1,
                    "self": 47.48798209999222
                },
                "TrainerController.advance": {
                    "total": 108.50653810000222,
                    "count": 1,
                    "self": 1.7699989257380366e-05,
                    "children": {
                        "env_step": {
                            "total": 108.50652040001296,
                            "count": 1,
                            "self": 108.506509800005,
                            "children": {
                                "SubprocessEnvManager._take_step": {
                                    "total": 1.060000795405358e-05,
                                    "count": 1,
                                    "self": 1.060000795405358e-05
                                }
                            }
                        }
                    }
                },
                "TrainerController._save_models": {
                    "total": 0.3001430000003893,
                    "count": 1,
                    "self": 0.0016364000039175153,
                    "children": {
                        "RLTrainer._checkpoint": {
                            "total": 0.2985065999964718,
                            "count": 1,
                            "self": 0.2985065999964718
                        }
                    }
                }
            }
        }
    }
}